{"userId":375270002,"tweets_num":196,"favorites_count":4780.0,"followers_count":226099.0,"friends_count":410.0,"favorites_per_tweet":24.387755102040817,"freqvency_minutes_per_tweet":6910,"hashtags_per_tweet":0.29591836734693877,"mentions_per_tweet":1.0459183673469388,"urls_per_tweet":0.2653061224489796,"friend_to_followers":0.0018133649419059792,"retweets_per_tweet":33.56122448979592}